time,value,datasource_id
1544699763901,292.8674995,0
1544699764901,292.7999992,0
1544699765901,292.7724996,0
1544699766901,292.75,0
1544699767901,292.7225004,0
1544699768901,292.6175005,0
1544699769901,292.5500002,0
1544699770901,292.4674999,0
1544699771901,292.4824999,0
1544699772901,292.5500002,0
1544699773901,292.6325005,0
1544699774901,292.7550005,0
1544699775901,292.8000002,0
