time,value,datasource_id
1550746965117,"291.9349997",0
1550746966117,"291.7999992",0
1550746967117,"291.7999992",0
1550746968117,"291.7999992",0
1550746969117,"291.7450001",0
